{"cameraMode":{"drawMode":0,"name":"Shaded","section":"Shading Mode"},"sceneLighting":true,"audioPlay":false,"sceneViewState":{"showFog":true,"showMaterialUpdate":false,"showSkybox":true,"showFlares":true,"showImageEffects":true,"showParticleSystems":true},"in2DMode":false,"pivot":{"x":-0.44184669852256777,"y":30.871440887451173,"z":-9.295907974243164},"rotation":{"x":-0.0030160355381667616,"y":-0.9561230540275574,"z":0.29355737566947939,"w":-0.009682214818894863},"size":0.2605760991573334,"orthographic":false}