{"cameraMode":{"drawMode":0,"name":"Shaded","section":"Shading Mode"},"sceneLighting":true,"audioPlay":false,"sceneViewState":{"showFog":true,"showMaterialUpdate":false,"showSkybox":true,"showFlares":true,"showImageEffects":true,"showParticleSystems":true},"in2DMode":false,"pivot":{"x":0.6754270792007446,"y":31.135114669799806,"z":-8.389803886413575},"rotation":{"x":0.01722755841910839,"y":-0.6142632365226746,"z":0.013516053557395935,"w":0.7891053557395935},"size":0.6324394941329956,"orthographic":false}