{"cameraMode":{"drawMode":0,"name":"Shaded","section":"Shading Mode"},"sceneLighting":true,"audioPlay":false,"sceneViewState":{"showFog":true,"showMaterialUpdate":false,"showSkybox":true,"showFlares":true,"showImageEffects":true,"showParticleSystems":true},"in2DMode":false,"pivot":{"x":1.984198808670044,"y":31.03005599975586,"z":-8.646125793457032},"rotation":{"x":0.06561828404664993,"y":0.7219085097312927,"z":-0.06705302745103836,"w":0.6865182518959045},"size":0.8019927144050598,"orthographic":false}