{"cameraMode":{"drawMode":0,"name":"Shaded","section":"Shading Mode"},"sceneLighting":true,"audioPlay":false,"sceneViewState":{"showFog":true,"showMaterialUpdate":false,"showSkybox":true,"showFlares":true,"showImageEffects":true,"showParticleSystems":true},"in2DMode":false,"pivot":{"x":7.812999725341797,"y":30.91200065612793,"z":-9.406000137329102},"rotation":{"x":0.20822446048259736,"y":-0.07035722583532334,"z":0.01502163428813219,"w":0.9754442572593689},"size":0.6437292098999023,"orthographic":false}