{"cameraMode":{"drawMode":0,"name":"Shaded","section":"Shading Mode"},"sceneLighting":true,"audioPlay":false,"sceneViewState":{"showFog":true,"showMaterialUpdate":false,"showSkybox":true,"showFlares":true,"showImageEffects":true,"showParticleSystems":true},"in2DMode":false,"pivot":{"x":-16.179336547851564,"y":14.408668518066407,"z":8.828145980834961},"rotation":{"x":0.30961981415748598,"y":-0.4965416491031647,"z":0.1947607845067978,"w":0.7873395681381226},"size":54.8005256652832,"orthographic":false}