{"cameraMode":{"drawMode":0,"name":"Shaded","section":"Shading Mode"},"sceneLighting":true,"audioPlay":false,"sceneViewState":{"showFog":true,"showMaterialUpdate":false,"showSkybox":true,"showFlares":true,"showImageEffects":true,"showParticleSystems":true},"in2DMode":false,"pivot":{"x":7.728000164031982,"y":30.631999969482423,"z":-8.418999671936036},"rotation":{"x":-0.0012469749199226499,"y":-0.9807529449462891,"z":0.19524717330932618,"w":-0.006184671074151993},"size":0.6537781953811646,"orthographic":false}