{"cameraMode":{"drawMode":0,"name":"Shaded","section":"Shading Mode"},"sceneLighting":true,"audioPlay":false,"sceneViewState":{"showFog":true,"showMaterialUpdate":false,"showSkybox":true,"showFlares":true,"showImageEffects":true,"showParticleSystems":true},"in2DMode":false,"pivot":{"x":5.029325485229492,"y":31.079124450683595,"z":-7.260336875915527},"rotation":{"x":-0.13431333005428315,"y":-0.2758660614490509,"z":0.03957253322005272,"w":-0.9516470432281494},"size":0.518877387046814,"orthographic":false}