{"cameraMode":{"drawMode":0,"name":"Shaded","section":"Shading Mode"},"sceneLighting":true,"audioPlay":false,"sceneViewState":{"showFog":true,"showMaterialUpdate":false,"showSkybox":true,"showFlares":true,"showImageEffects":true,"showParticleSystems":true},"in2DMode":false,"pivot":{"x":12.679927825927735,"y":22.663009643554689,"z":8.995721817016602},"rotation":{"x":-0.1530091017484665,"y":0.00860350951552391,"z":-0.0013199930544942618,"w":-0.9882044792175293},"size":1.486782193183899,"orthographic":false}