{"cameraMode":{"drawMode":0,"name":"Shaded","section":"Shading Mode"},"sceneLighting":true,"audioPlay":false,"sceneViewState":{"showFog":true,"showMaterialUpdate":false,"showSkybox":true,"showFlares":true,"showImageEffects":true,"showParticleSystems":true},"in2DMode":false,"pivot":{"x":-0.021146774291992189,"y":24.585203170776368,"z":6.217150688171387},"rotation":{"x":0.2201898843050003,"y":0.6743071675300598,"z":-0.2220233678817749,"w":0.6690992116928101},"size":23.9908447265625,"orthographic":false}