{"cameraMode":{"drawMode":0,"name":"Shaded","section":"Shading Mode"},"sceneLighting":true,"audioPlay":false,"sceneViewState":{"showFog":true,"showMaterialUpdate":false,"showSkybox":true,"showFlares":true,"showImageEffects":true,"showParticleSystems":true},"in2DMode":false,"pivot":{"x":23.892852783203126,"y":27.2215518951416,"z":4.76237678527832},"rotation":{"x":0.05901041999459267,"y":-0.9004244208335877,"z":0.12918083369731904,"w":0.4112183451652527},"size":0.8726745843887329,"orthographic":false}