{"cameraMode":{"drawMode":0,"name":"Shaded","section":"Shading Mode"},"sceneLighting":true,"audioPlay":false,"sceneViewState":{"showFog":true,"showMaterialUpdate":false,"showSkybox":true,"showFlares":true,"showImageEffects":true,"showParticleSystems":true},"in2DMode":false,"pivot":{"x":12.556761741638184,"y":22.902074813842775,"z":3.9672422409057619},"rotation":{"x":-0.07301308959722519,"y":-0.9017919898033142,"z":0.16931241750717164,"w":-0.39117109775543215},"size":0.1878538727760315,"orthographic":false}