{"cameraMode":{"drawMode":0,"name":"Shaded","section":"Shading Mode"},"sceneLighting":true,"audioPlay":false,"sceneViewState":{"showFog":true,"showMaterialUpdate":false,"showSkybox":true,"showFlares":true,"showImageEffects":true,"showParticleSystems":true},"in2DMode":false,"pivot":{"x":8.199999809265137,"y":30.73200035095215,"z":-7.254000186920166},"rotation":{"x":0.002475420478731394,"y":-0.9836070537567139,"z":0.17990052700042725,"w":0.013572080992162228},"size":0.90739506483078,"orthographic":false}