{"cameraMode":{"drawMode":0,"name":"Shaded","section":"Shading Mode"},"sceneLighting":true,"audioPlay":false,"sceneViewState":{"showFog":true,"showMaterialUpdate":false,"showSkybox":true,"showFlares":true,"showImageEffects":true,"showParticleSystems":true},"in2DMode":false,"pivot":{"x":-1.1593230962753297,"y":24.898807525634767,"z":-17.79709815979004},"rotation":{"x":-0.3285551965236664,"y":0.439281702041626,"z":-0.176051527261734,"w":-0.817514955997467},"size":1.1175241470336915,"orthographic":false}