{"cameraMode":{"drawMode":0,"name":"Shaded","section":"Shading Mode"},"sceneLighting":true,"audioPlay":false,"sceneViewState":{"showFog":true,"showMaterialUpdate":false,"showSkybox":true,"showFlares":true,"showImageEffects":true,"showParticleSystems":true},"in2DMode":false,"pivot":{"x":-1.598623275756836,"y":30.332843780517579,"z":-9.110698699951172},"rotation":{"x":0.010176391340792179,"y":-0.9439383149147034,"z":0.3290274143218994,"w":0.029548518359661104},"size":0.5806334018707275,"orthographic":false}